text,size
BDMELODI,928
BagitoConfrontation,305
BrazilWantsOTRATour,520
Christmas,443
CloseupWelcomesMartinGarrixToManila,566
Ebola,3122
Endomondo,319
FWEnVivoAwards,536
FelizCumpleGabySpanic,362
GOSFWithSnapdeal,964
HumanRightsDay,344
ItsInfallible,305
Job,2940
Jobs,2015
Joganiya,323
KenzaMorsli,1637
Liberia,307
MTVStars,5362
NETMILIUNER,651
Nursing,462
RT,343
RemajaIndonesia,748
Retail,314
TIMEPOY,4557
TweetMyJobs,1359
VeteranJob,411
WeWillMissYouPaul,739
discount,311
ebola,326
love,330
nowplaying,332
np,473
trndnl,898
vscocam,387